{"action":"crearCarpeta","details":{"folderName":"Carpeta 1"},"timestamp":"2024-06-06T04:52:32.721Z"}
{"action":"crearArchivo","details":{"folderName":"Carpeta 1","fileName":"Archivo 1"},"timestamp":"2024-06-06T04:52:33.636Z"}
{"action":"openTab","details":{"fileId":"archivo_1"},"timestamp":"2024-06-06T04:52:34.425Z"}
{"action":"descargarArchivos","details":{"success":true},"timestamp":"2024-06-06T04:53:43.823Z"}
{"action":"crearCarpeta","details":{"folderName":"Carpeta 1"},"timestamp":"2024-06-06T04:55:43.428Z"}
{"action":"crearArchivo","details":{"folderName":"Carpeta 1","fileName":"Archivo 1"},"timestamp":"2024-06-06T04:55:44.464Z"}
{"action":"openTab","details":{"fileId":"archivo_1"},"timestamp":"2024-06-06T04:55:45.153Z"}
{"action":"actualizar","details":{"fileId":"archivo_1","content":"<html>\n<head>\n<title>Este es solo un ejemplo</title>\n</head>\n<body bgcolor=»#A2F9FC»><h1><center>Este Es El Título Principal De La Página</center></h1><font size=»3″ face=»Comic Sans MS, Arial, MS Sans Serif»>\nAqui podemos colocar alguna <b>introducción</b> al contenido que encontrarás… bla bla bla</font><h2><center><u>Este Es Un Subtítulo De La Página</u><center></h2><font size=»3″ face=»Comic Sans MS, Arial, MS Sans Serif»>\nAqui se encontrará el <i>desarrollo</i> con todo lo que quieras..</font></body>\n</html>"},"timestamp":"2024-06-06T04:56:02.189Z"}
{"action":"actualizar","details":{"fileId":"archivo_1","content":"<html>\n<head>\n<title>Este es solo un ejemplo</title>\n</head>\n<body bgcolor=»#A2F9FC»><h1><center>Este Es El Título Principal De La Página</center></h1><font size=»3″ face=»Comic Sans MS, Arial, MS Sans Serif»>\nAqui podemos colocar alguna <b>introducción</b> al contenido que encontrarás… bla bla bla</font><h2><center><u>Este Es Un Subtítulo De La Página</u><center></h2><font size=»3″ face=»Comic Sans MS, Arial, MS Sans Serif»>\nAqui se encontrará el <i>desarrollo</i> con todo lo que quieras..</font></body>\n</html>"},"timestamp":"2024-06-06T04:56:02.381Z"}
{"action":"crearArchivo","details":{"folderName":"Carpeta 1","fileName":"Archivo 2"},"timestamp":"2024-06-06T04:56:09.078Z"}
{"action":"openTab","details":{"fileId":"archivo_2"},"timestamp":"2024-06-06T04:56:10.130Z"}
{"action":"actualizar","details":{"fileId":"archivo_2","content":"va"},"timestamp":"2024-06-06T04:56:13.188Z"}
{"action":"actualizar","details":{"fileId":"archivo_2","content":"va"},"timestamp":"2024-06-06T04:56:13.270Z"}
{"action":"actualizar","details":{"fileId":"archivo_2","content":"vam"},"timestamp":"2024-06-06T04:56:13.384Z"}
{"action":"actualizar","details":{"fileId":"archivo_2","content":"vami"},"timestamp":"2024-06-06T04:56:13.537Z"}
{"action":"actualizar","details":{"fileId":"archivo_2","content":"vamil"},"timestamp":"2024-06-06T04:56:13.774Z"}
{"action":"actualizar","details":{"fileId":"archivo_2","content":"vami"},"timestamp":"2024-06-06T04:56:14.255Z"}
{"action":"actualizar","details":{"fileId":"archivo_2","content":"vam"},"timestamp":"2024-06-06T04:56:14.398Z"}
{"action":"actualizar","details":{"fileId":"archivo_2","content":"va"},"timestamp":"2024-06-06T04:56:14.547Z"}
{"action":"actualizar","details":{"fileId":"archivo_2","content":"v"},"timestamp":"2024-06-06T04:56:14.686Z"}
{"action":"actualizar","details":{"fileId":"archivo_2","content":""},"timestamp":"2024-06-06T04:56:14.836Z"}
{"action":"actualizar","details":{"fileId":"archivo_2","content":"C"},"timestamp":"2024-06-06T04:56:15.517Z"}
{"action":"actualizar","details":{"fileId":"archivo_2","content":"C"},"timestamp":"2024-06-06T04:56:15.579Z"}
{"action":"actualizar","details":{"fileId":"archivo_2","content":"Ca"},"timestamp":"2024-06-06T04:56:15.712Z"}
{"action":"actualizar","details":{"fileId":"archivo_2","content":"Cam"},"timestamp":"2024-06-06T04:56:15.843Z"}
{"action":"actualizar","details":{"fileId":"archivo_2","content":"Cami"},"timestamp":"2024-06-06T04:56:16.687Z"}
{"action":"actualizar","details":{"fileId":"archivo_2","content":"Camila"},"timestamp":"2024-06-06T04:56:16.907Z"}
{"action":"actualizar","details":{"fileId":"archivo_2","content":"Camila"},"timestamp":"2024-06-06T04:56:17.034Z"}
{"action":"crearCarpeta","details":{"folderName":"Carpeta 2"},"timestamp":"2024-06-06T04:56:19.929Z"}
{"action":"crearArchivo","details":{"folderName":"Carpeta 2","fileName":"Archivo 3"},"timestamp":"2024-06-06T04:56:20.830Z"}
{"action":"openTab","details":{"fileId":"archivo_3"},"timestamp":"2024-06-06T04:56:22.161Z"}
{"action":"actualizar","details":{"fileId":"archivo_3","content":"a"},"timestamp":"2024-06-06T04:56:23.329Z"}
{"action":"actualizar","details":{"fileId":"archivo_3","content":"am"},"timestamp":"2024-06-06T04:56:23.538Z"}
{"action":"actualizar","details":{"fileId":"archivo_3","content":"amo"},"timestamp":"2024-06-06T04:56:23.698Z"}
{"action":"actualizar","details":{"fileId":"archivo_3","content":"amor"},"timestamp":"2024-06-06T04:56:23.944Z"}
{"action":"actualizar","details":{"fileId":"archivo_3","content":"amorc"},"timestamp":"2024-06-06T04:56:24.363Z"}
{"action":"actualizar","details":{"fileId":"archivo_3","content":"amorci"},"timestamp":"2024-06-06T04:56:24.670Z"}
{"action":"actualizar","details":{"fileId":"archivo_3","content":"amorcit"},"timestamp":"2024-06-06T04:56:24.873Z"}
{"action":"actualizar","details":{"fileId":"archivo_3","content":"amorcito"},"timestamp":"2024-06-06T04:56:25.102Z"}
{"action":"descargarArchivos","details":{"success":true},"timestamp":"2024-06-06T04:56:29.859Z"}
{"action":"actualizar","details":{"fileId":"archivo_3","content":""},"timestamp":"2024-06-06T04:56:45.569Z"}
{"action":"crearCarpeta","details":{"folderName":"Carpeta 1"},"timestamp":"2024-06-06T05:11:19.921Z"}
{"action":"renombrarCarpeta","details":{"oldName":"Carpeta 1","newName":"goooool"},"timestamp":"2024-06-06T05:11:28.715Z"}
{"action":"crearCarpeta","details":{"folderName":"Carpeta 2"},"timestamp":"2024-06-06T05:11:40.292Z"}
{"action":"crearArchivo","details":{"folderName":"Carpeta 2","fileName":"Archivo 8"},"timestamp":"2024-06-06T05:11:42.297Z"}
{"action":"openTab","details":{"fileId":"archivo_8"},"timestamp":"2024-06-06T05:11:42.957Z"}
{"action":"crearArchivo","details":{"folderName":"Carpeta 2","fileName":"Archivo 9"},"timestamp":"2024-06-06T05:11:43.872Z"}
{"action":"openTab","details":{"fileId":"archivo_9"},"timestamp":"2024-06-06T05:11:55.298Z"}
{"action":"openTab","details":{"fileId":"archivo_9"},"timestamp":"2024-06-06T05:11:55.526Z"}
{"action":"openTab","details":{"fileId":"archivo_9"},"timestamp":"2024-06-06T05:11:56.060Z"}
{"action":"openTab","details":{"fileId":"archivo_9"},"timestamp":"2024-06-06T05:11:56.316Z"}
{"action":"openTab","details":{"fileId":"archivo_9"},"timestamp":"2024-06-06T05:11:56.602Z"}
{"action":"renombrarArchivo","details":{"folderName":"Carpeta 2","oldName":"","newName":"hoka"},"timestamp":"2024-06-06T05:11:59.442Z"}
{"action":"openTab","details":{"fileId":"archivo_9"},"timestamp":"2024-06-06T05:12:00.646Z"}
{"action":"openTab","details":{"fileId":"archivo_8"},"timestamp":"2024-06-06T05:12:01.681Z"}
{"action":"openTab","details":{"fileId":"archivo_9"},"timestamp":"2024-06-06T05:12:02.514Z"}
{"action":"actualizar","details":{"fileId":"archivo_9","content":"d"},"timestamp":"2024-06-06T05:12:04.149Z"}
{"action":"actualizar","details":{"fileId":"archivo_9","content":"ds"},"timestamp":"2024-06-06T05:12:04.377Z"}
{"action":"openTab","details":{"fileId":"archivo_9"},"timestamp":"2024-06-06T05:12:05.298Z"}
{"action":"openTab","details":{"fileId":"archivo_9"},"timestamp":"2024-06-06T05:12:06.066Z"}
{"action":"openTab","details":{"fileId":"archivo_8"},"timestamp":"2024-06-06T05:12:06.680Z"}
{"action":"openTab","details":{"fileId":"archivo_9"},"timestamp":"2024-06-06T05:12:07.657Z"}
{"action":"openTab","details":{"fileId":"archivo_8"},"timestamp":"2024-06-06T05:12:08.627Z"}
{"action":"openTab","details":{"fileId":"archivo_9"},"timestamp":"2024-06-06T05:12:09.718Z"}
{"action":"openTab","details":{"fileId":"archivo_8"},"timestamp":"2024-06-06T05:12:10.363Z"}
{"action":"renombrarCarpeta","details":{"oldName":"Carpeta 2","newName":"djdsa"},"timestamp":"2024-06-06T05:12:17.557Z"}
{"action":"openTab","details":{"fileId":"archivo_8"},"timestamp":"2024-06-06T05:12:20.395Z"}
{"action":"openTab","details":{"fileId":"archivo_9"},"timestamp":"2024-06-06T05:12:21.373Z"}
{"action":"openTab","details":{"fileId":"archivo_8"},"timestamp":"2024-06-06T05:12:22.202Z"}
{"action":"openTab","details":{"fileId":"archivo_8"},"timestamp":"2024-06-06T05:12:24.818Z"}
{"action":"descargarArchivos","details":{"success":true},"timestamp":"2024-06-06T05:12:30.223Z"}
{"action":"crearCarpeta","details":{"folderName":"Carpeta 1"},"timestamp":"2024-06-06T05:12:49.796Z"}
{"action":"renombrarCarpeta","details":{"oldName":"Carpeta 1","newName":"Gooool"},"timestamp":"2024-06-06T05:12:57.906Z"}
{"action":"crearCarpeta","details":{"folderName":"Carpeta 2"},"timestamp":"2024-06-06T05:13:05.025Z"}
{"action":"crearArchivo","details":{"folderName":"Carpeta 2","fileName":"Archivo 5"},"timestamp":"2024-06-06T05:13:18.722Z"}
{"action":"crearArchivo","details":{"folderName":"Carpeta 2","fileName":"Archivo 9"},"timestamp":"2024-06-06T05:13:21.702Z"}
{"action":"crearCarpeta","details":{"folderName":"Carpeta 1"},"timestamp":"2024-06-06T05:15:29.897Z"}
{"action":"crearCarpeta","details":{"folderName":"Carpeta 2"},"timestamp":"2024-06-06T05:15:38.683Z"}
{"action":"crearCarpeta","details":{"folderName":"Carpeta 1"},"timestamp":"2024-06-06T05:15:52.991Z"}
{"action":"crearArchivo","details":{"folderName":"Carpeta 1","fileName":"Archivo 1"},"timestamp":"2024-06-06T05:15:54.451Z"}
{"action":"openTab","details":{"fileId":"archivo_1"},"timestamp":"2024-06-06T05:15:57.904Z"}
{"action":"openTab","details":{"fileId":"archivo_1"},"timestamp":"2024-06-06T05:15:58.121Z"}
{"action":"crearArchivo","details":{"folderName":"Carpeta 1","fileName":"Archivo 2"},"timestamp":"2024-06-06T05:16:03.349Z"}
{"action":"openTab","details":{"fileId":"archivo_1"},"timestamp":"2024-06-06T05:16:05.555Z"}
{"action":"openTab","details":{"fileId":"archivo_1"},"timestamp":"2024-06-06T05:16:06.008Z"}
{"action":"openTab","details":{"fileId":"archivo_1"},"timestamp":"2024-06-06T05:16:06.201Z"}
{"action":"openTab","details":{"fileId":"archivo_1"},"timestamp":"2024-06-06T05:16:06.417Z"}
{"action":"openTab","details":{"fileId":"archivo_1"},"timestamp":"2024-06-06T05:16:06.918Z"}
{"action":"openTab","details":{"fileId":"archivo_1"},"timestamp":"2024-06-06T05:16:07.077Z"}
{"action":"openTab","details":{"fileId":"archivo_1"},"timestamp":"2024-06-06T05:16:07.414Z"}
{"action":"openTab","details":{"fileId":"archivo_1"},"timestamp":"2024-06-06T05:16:07.635Z"}
{"action":"openTab","details":{"fileId":"archivo_1"},"timestamp":"2024-06-06T05:16:07.821Z"}
{"action":"openTab","details":{"fileId":"archivo_1"},"timestamp":"2024-06-06T05:16:08.051Z"}
{"action":"openTab","details":{"fileId":"archivo_1"},"timestamp":"2024-06-06T05:16:12.067Z"}
{"action":"openTab","details":{"fileId":"archivo_2"},"timestamp":"2024-06-06T05:16:13.386Z"}
{"action":"openTab","details":{"fileId":"archivo_2"},"timestamp":"2024-06-06T05:16:13.537Z"}
{"action":"openTab","details":{"fileId":"archivo_2"},"timestamp":"2024-06-06T05:16:13.716Z"}
{"action":"renombrarArchivo","details":{"folderName":"Carpeta 1","oldName":"Archivo 2","newName":"mmmm"},"timestamp":"2024-06-06T05:16:15.940Z"}
{"action":"openTab","details":{"fileId":"archivo_2"},"timestamp":"2024-06-06T05:16:16.830Z"}
{"action":"openTab","details":{"fileId":"archivo_1"},"timestamp":"2024-06-06T05:16:17.553Z"}
{"action":"crearArchivo","details":{"folderName":"Carpeta 1","fileName":"Archivo 3"},"timestamp":"2024-06-06T05:16:19.233Z"}
{"action":"openTab","details":{"fileId":"archivo_2"},"timestamp":"2024-06-06T05:16:20.572Z"}
{"action":"openTab","details":{"fileId":"archivo_1"},"timestamp":"2024-06-06T05:16:22.187Z"}
{"action":"actualizar","details":{"fileId":"archivo_1","content":"s"},"timestamp":"2024-06-06T05:16:23.627Z"}
{"action":"actualizar","details":{"fileId":"archivo_1","content":"sas"},"timestamp":"2024-06-06T05:16:23.824Z"}
{"action":"actualizar","details":{"fileId":"archivo_1","content":"sasa"},"timestamp":"2024-06-06T05:16:23.984Z"}
{"action":"actualizar","details":{"fileId":"archivo_1","content":"sasa"},"timestamp":"2024-06-06T05:16:24.126Z"}
{"action":"openTab","details":{"fileId":"archivo_2"},"timestamp":"2024-06-06T05:16:24.811Z"}
{"action":"openTab","details":{"fileId":"archivo_1"},"timestamp":"2024-06-06T05:16:25.764Z"}
{"action":"openTab","details":{"fileId":"archivo_1"},"timestamp":"2024-06-06T05:16:27.158Z"}
{"action":"openTab","details":{"fileId":"archivo_1"},"timestamp":"2024-06-06T05:16:27.339Z"}
{"action":"openTab","details":{"fileId":"archivo_1"},"timestamp":"2024-06-06T05:16:27.754Z"}
{"action":"openTab","details":{"fileId":"archivo_1"},"timestamp":"2024-06-06T05:16:27.942Z"}
{"action":"openTab","details":{"fileId":"archivo_1"},"timestamp":"2024-06-06T05:16:28.450Z"}
{"action":"openTab","details":{"fileId":"archivo_1"},"timestamp":"2024-06-06T05:16:29.295Z"}
{"action":"openTab","details":{"fileId":"archivo_1"},"timestamp":"2024-06-06T05:16:30.407Z"}
{"action":"openTab","details":{"fileId":"archivo_1"},"timestamp":"2024-06-06T05:16:30.595Z"}
{"action":"openTab","details":{"fileId":"archivo_1"},"timestamp":"2024-06-06T05:16:30.851Z"}
{"action":"crearCarpeta","details":{"folderName":"Carpeta 2"},"timestamp":"2024-06-06T05:16:34.623Z"}
{"action":"renombrarCarpeta","details":{"oldName":"Carpeta 2","newName":"Carpeta 2wqw"},"timestamp":"2024-06-06T05:16:37.981Z"}
{"action":"crearCarpeta","details":{"folderName":"Carpeta 1"},"timestamp":"2024-06-06T05:18:39.726Z"}
{"action":"crearCarpeta","details":{"folderName":"Carpeta 2"},"timestamp":"2024-06-06T05:18:48.670Z"}
{"action":"crearCarpeta","details":{"folderName":"Carpeta 1"},"timestamp":"2024-06-06T05:19:56.435Z"}
{"action":"crearArchivo","details":{"folderName":"Carpeta 1","fileName":"Archivo 1"},"timestamp":"2024-06-06T05:19:58.946Z"}
{"action":"openTab","details":{"fileId":"archivo_1"},"timestamp":"2024-06-06T05:19:59.725Z"}
{"action":"openTab","details":{"fileId":"archivo_1"},"timestamp":"2024-06-06T05:19:59.919Z"}
{"action":"openTab","details":{"fileId":"archivo_1"},"timestamp":"2024-06-06T05:20:00.367Z"}
{"action":"openTab","details":{"fileId":"archivo_1"},"timestamp":"2024-06-06T05:20:00.571Z"}
{"action":"crearCarpeta","details":{"folderName":"Carpeta 1"},"timestamp":"2024-06-06T05:20:42.768Z"}
{"action":"crearArchivo","details":{"folderName":"Carpeta 1","fileName":"Archivo 1"},"timestamp":"2024-06-06T05:20:46.250Z"}
{"action":"openTab","details":{"fileId":"archivo_1"},"timestamp":"2024-06-06T05:20:47.853Z"}
{"action":"crearArchivo","details":{"folderName":"Carpeta 1","fileName":"Archivo 2"},"timestamp":"2024-06-06T05:20:53.985Z"}
{"action":"crearCarpeta","details":{"folderName":"Carpeta 2"},"timestamp":"2024-06-06T05:20:55.583Z"}
{"action":"renombrarCarpeta","details":{"oldName":"Carpeta 2","newName":"gol"},"timestamp":"2024-06-06T05:21:01.179Z"}
{"action":"crearCarpeta","details":{"folderName":"Carpeta 1"},"timestamp":"2024-06-06T05:21:13.354Z"}
{"action":"crearCarpeta","details":{"folderName":"Carpeta 1"},"timestamp":"2024-06-06T05:21:24.886Z"}
{"action":"crearArchivo","details":{"folderName":"Carpeta 1","fileName":"Archivo 1"},"timestamp":"2024-06-06T05:21:27.168Z"}
{"action":"openTab","details":{"fileId":"archivo_1"},"timestamp":"2024-06-06T05:21:27.876Z"}
{"action":"openTab","details":{"fileId":"archivo_1"},"timestamp":"2024-06-06T05:21:28.334Z"}
{"action":"openTab","details":{"fileId":"archivo_1"},"timestamp":"2024-06-06T05:21:28.959Z"}
{"action":"openTab","details":{"fileId":"archivo_1"},"timestamp":"2024-06-06T05:21:29.145Z"}
{"action":"openTab","details":{"fileId":"archivo_1"},"timestamp":"2024-06-06T05:21:30.960Z"}
